,article_title
0,의정부동 가능동 과학과외 흥선동 물리과외 과학과외 선생님 추천
1,원주 명륜동 고등 영어과외 개운동 중등 수학과외 추천 원주고 단구중 내신 대비
2,온라인과외 (수학) 추천좀 해주세요
3,"[추천]
                                
                                

                                
                                
                                    초중고등생 영어과외 교재 추천 드립니다. ^^"
4,[인천] 인천 서구 가정고 고등 수학 석남중 가좌중 중등 영어 초등 국어 내신 과외 추천
5,[인천] 인천 서구 청라국제도시 해원고 청라고 고등 수학 초은중 중등 영어 도담초 초등 국어 과외 추천
6,비대면 과외 추천드립니다
7,봉림동 오픽과외 신호동 토익과외 일대일 텝스 아이엘츠 영어쌤 추천
8,[수완지구] 장덕고 명진고 고실중 성덕중 장덕초 논술 영어 국어 수학 내신 과외 추천
9,율하 오픽과외 장유 토익과외 일대일 텝스 아이엘츠 영어쌤 추천
10,[인천] 해송고 신송고 박문여고 신송중 박문중 해송중 송명초 해송초 내신 전문 과목별 과외 추천
11,[인천] 동춘 선학 연수동 중등 수학 고등 영어 논술 과외 학원 추천 과목별 내신관리 코칭
12,[수지구] 신봉마을 신정마을 고등 수학 성동마을 버들치마을 중등 영어 과외 학원 추천
13,[미사지구] 하남고 미사고 고등 영어 강동중 미사중 중등 수학 국어 학원 내신 과외 추천
14,남양주 직장인 토익 토플 학생 영어과외 주부 생활영어 공부 추천
15,율하과외 초등 중학생 고등 영어과외 국어 한국사 역사 수학과외 과학 완전 추천
16,한양수자인성남마크뷰 학군 하원초 금광중 대원중 숭신여중 숭신여고 과외 학원 추천
17,독일어과외 독일어과 새내기들에게 추천합니다~!
18,달방동 오픽과외 구호동 토익과외 일대일 텝스 아이엘츠 영어쌤 추천
19,강남토플학원추천 소수정예 그룹과외 클래스로!
20,구미과외 전문 수학과외 영수 외 한국사 과학 논술 학원 사회 영어 국어과외 추천
21,관악구과외 초등 중등 추천 수학과외 국어 한국사 과학 레슨 예비고 영어과외
22,율하동 영어과외 중학생 고등학생 수학과외 추천 실력있는 개인별 학습지도 고등학교 중학교
23,소수정예 그룹과외 아이엘츠어학원추천~!~!
24,진천과외 진천읍 중등 수학과외 읍내리 고등 영어과외 추천
25,반여동 한글방문 재송동 센텀 6세 7세 초등 한글1:1과외 학습지와는 다른 수업 추천
26,청림동 방문 과외 관악 초5 초6 국어과외 행운동 고3 고2 영어과외 초등 중학생 고등 낙성대 중2 중3 수학과외 추천 (이과) 중1 사탐 고1 과탐 내신대비 초3 전과목 초4 원격 수업도 가능 (온라인)
27,남현동 방문 과외 대학동 초5 국어과외 미성동 고2 영어과외 초등 중학생 고등 보라매동 중3 수학과외 추천 (이과) 사탐 과탐 내신대비 전과목 원격 수업도 가능 (온라인)
28,관악구 방문 과외 낙성대 초5 국어과외 난곡동 고2 영어과외 초등 중학생 고등 난향동 중3 수학과외 추천 (이과) 사탐 과탐 내신대비 전과목 원격 수업도 가능 (온라인)
29,도화과외 송림 중등 고등 국어 수학과외 과학 한국사 영어과외 일대일 학습 추천
30,당산동과외 양평동 중등 고등 수학과외 한국사 국어 개인지도 영어과외 체계적 학습 추천
31,부산 수학과외 안락동 중등 영어과외 명장동 고등 국어과외 지니쌤 추천!!
32,아이엘츠어학원추천 아이엘츠도 맞춤 과외로 배우자
33,진천 수학과외 중등 고등 영어과외 증평 초등 국어과외 추천
34,강남역 강남러시아어학원 학원강의와 화상강의&과외 배우기 추천
35,익산 부송동 국영수 영등동 초등 중등 고등 전문 개인과외 추천
36,서울 과외 성북구과외 길음동 영어쌤 돈암동 수학쌤 영어과외 수학과외 추천
37,포항과외 포항시과외 전문과외 박쌤이 추천하는 교육플랜! 방문과외부터 화상과외까지! 일대일 수준별 학습~!
38,요즘 수학과외 교재로 뭐 많이 쓰고 있나요? 수학의 정석 개념원리 등 추천해주세요^^
39,시흥시 국영수 1:1 개인과외 선생님 추천!
40,아이엘츠학원추천 아이엘츠도 맞춤 과외로 배워보세요
41,태국어학원 후기 추천/유학ㆍ취업준비 강남역 5분학원에서 과외ㆍ정규강의
42,아이엘츠학원추천 맞춤 과외로 확실하게 배우는 아이엘츠
43,아이엘츠어학원추천 아이엘츠도 맞춤 과외로 확실하게!
44,강서구 염창동 내발산동 등촌동 가양동 초등학생 중학생 고등학생 과외 학원 공부방 인강 추천 으로 고민중이세요?
45,야당동성인영어회화 동패동직장인영어회화 주부회화 토익영어과외 추천드립니다!
46,동대문 휘경동 수힉과외 고등학생 이문동 영어과외 중학생 온라인 대비 초등 휘경중 휘봉고 시험 개학준비 추천
47,SAT어학원추천 SAT도 맞춤 과외로 확실하게 배우자!
48,"어려운 SAT시험, 어떻게 공부해야할지 막막하다면? SAT과외추천 합니다!!!"
49,동작구 / 관악구 / No.1과외천사 전문과외 추천~!!
